{"cameraMode":{"drawMode":0,"name":"Shaded","section":"Shading Mode"},"sceneLighting":false,"audioPlay":false,"sceneViewState":{"m_AlwaysRefresh":false,"showFog":true,"showSkybox":false,"showFlares":true,"showImageEffects":true,"showParticleSystems":true,"showVisualEffectGraphs":true,"m_FxEnabled":true},"in2DMode":false,"pivot":{"x":5.6442766189575199,"y":-1.486413836479187,"z":3.9372472763061525},"rotation":{"x":0.037476763129234317,"y":0.028772857040166856,"z":0.0010395782301202417,"w":-0.9988958239555359},"size":3.1628916263580324,"orthographic":true}